LCSC Part Number,Manufacture Part Number,Manufacturer,Package,Customer #,Description,RoHS,Order Qty.,Min\Mult Order Qty.,Unit Price($),Ext.Price($),Product Link
C85619,MB6S-TP,MCC(Micro Commercial Components),MBS,,35A 1V@400mA 800mA 600V MBS Bridge Rectifiers ROHS,yes,20,10,0.0442,0.88,https://www.lcsc.com/product-detail/bridge-rectifiers_mcc-micro-commercial-components-mb6s-tp_C85619.html
C18359,0805W8F3601T5E,UNI-ROYAL(Uniroyal Elec),0805,,125mW Thick Film Resistors 150V ±100ppm/℃ ±1% 3.6kΩ 0805 Chip Resistor - Surface Mount ROHS,yes,100,100,0.0017,0.17,https://www.lcsc.com/product-detail/chip-resistor-surface-mount_uni-royal-uniroyal-elec-0805w8f3601t5e_C18359.html
C913904,CL10A225KB8NNNC,Samsung Electro-Mechanics,0603,,50V 2.2uF X5R ±10% 0603 Multilayer Ceramic Capacitors MLCC - SMD/SMT ROHS,yes,20,20,0.0205,0.41,https://www.lcsc.com/product-detail/multilayer-ceramic-capacitors-mlcc-smd-smt_samsung-electro-mechanics-cl10a225kb8nnnc_C913904.html
C14663,CC0603KRX7R9BB104,YAGEO,0603,,50V 100nF X7R ±10% 0603 Multilayer Ceramic Capacitors MLCC - SMD/SMT ROHS,yes,200,100,0.0020,0.40,https://www.lcsc.com/product-detail/multilayer-ceramic-capacitors-mlcc-smd-smt_yageo-cc0603krx7r9bb104_C14663.html
C412436,RS1M,MDD(Microdiode Semiconductor),SMA,,1.3V@1A 500ns Independent Type 1A 1kV SMA Fast Recovery / High Efficiency Diodes ROHS,yes,50,50,0.0087,0.44,https://www.lcsc.com/product-detail/fast-recovery-high-efficiency-diodes_mdd-microdiode-semiconductor-rs1m_C412436.html
C241854,SM2396EK,Shenzhen Sunmoon Micro,ESOP-8,,ESOP-8 LED Drivers ROHS,yes,3,1,0.0803,0.24,https://www.lcsc.com/product-detail/led-drivers_shenzhen-sunmoon-micro-sm2396ek_C241854.html
C1848,CL31B105KBHNNNE,Samsung Electro-Mechanics,1206,,50V 1uF X7R ±10% 1206 Multilayer Ceramic Capacitors MLCC - SMD/SMT ROHS,yes,100,50,0.0148,1.48,https://www.lcsc.com/product-detail/multilayer-ceramic-capacitors-mlcc-smd-smt_samsung-electro-mechanics-cl31b105kbhnnne_C1848.html
C20754717,CFA2J473JC4PK5136A00,Dersonic,"Plugin,P=5.08mm",,"±5% 630V 47nF Plugin,P=5.08mm Film Capacitors ROHS",yes,20,20,0.0263,0.53,https://www.lcsc.com/product-detail/film-capacitors_dersonic-cfa2j473jc4pk5136a00_C20754717.html
C86295,CL10A226MP8NUNE,Samsung Electro-Mechanics,0603,,10V 22uF X5R ±20% 0603 Multilayer Ceramic Capacitors MLCC - SMD/SMT ROHS,yes,30,30,0.0120,0.36,https://www.lcsc.com/product-detail/multilayer-ceramic-capacitors-mlcc-smd-smt_samsung-electro-mechanics-cl10a226mp8nune_C86295.html
C3034527,MHT10UF400V87EC0217,KNSCHA,"Plugin,D6.3xL16mm",,"10uF 400V ±20% Plugin,D6.3xL16mm Aluminum Electrolytic Capacitors - Leaded ROHS",yes,5,5,0.0942,0.47,https://www.lcsc.com/product-detail/aluminum-electrolytic-capacitors-leaded_knscha-mht10uf400v87ec0217_C3034527.html
C25126,0402WGF5600TCE,UNI-ROYAL(Uniroyal Elec),0402,,62.5mW Thick Film Resistors 50V ±100ppm/℃ ±1% 560Ω 0402 Chip Resistor - Surface Mount ROHS,yes,100,100,0.0005,0.05,https://www.lcsc.com/product-detail/chip-resistor-surface-mount_uni-royal-uniroyal-elec-0402wgf5600tce_C25126.html
C136191,SM7035P,Shenzhen Sunmoon Micro,SOIC-8,,SOIC-8 AC-DC Controllers and Regulators ROHS,yes,5,5,0.2393,1.20,https://www.lcsc.com/product-detail/ac-dc-controllers-and-regulators_shenzhen-sunmoon-micro-sm7035p_C136191.html
C5142238,X6511FRS-05-C85D30,XKB Connection,"SMD,P=2.54mm,Surface Mount，Right Angle",,"2.54mm Single Row 5P Horizontal attachment 1x5P 8.5mm SMD,P=2.54mm,Surface Mount，Right Angle Female Headers ROHS",yes,10,5,0.1593,1.59,https://www.lcsc.com/product-detail/female-headers_xkb-connection-x6511frs-05-c85d30_C5142238.html
C88842,16YXJ330M6.3X11,Rubycon,"Plugin,D6.3xL11mm",,"330uF 16V 220mΩ@100kHz ±20% 400mA@100kHz Plugin,D6.3xL11mm Aluminum Electrolytic Capacitors - Leaded ROHS",yes,10,10,0.0635,0.64,https://www.lcsc.com/product-detail/aluminum-electrolytic-capacitors-leaded_rubycon-16yxj330m6-3x11_C88842.html
C908438,E1J,GOODWORK,SOD-123FL,,1.7V@1A 35ns Independent Type 1A 600V SOD-123FL Fast Recovery / High Efficiency Diodes ROHS,yes,50,50,0.0075,0.38,https://www.lcsc.com/product-detail/fast-recovery-high-efficiency-diodes_goodwork-e1j_C908438.html
C209744,FR2W-22Ω±5%-P5.0,CCO(Chian Chia Elec),"Plugin,P=5mm",,"Safety Resistor 22Ω 2W ±200ppm/℃ ±5% Plugin,P=5mm Through Hole Resistors ROHS",yes,20,10,0.0649,1.30,https://www.lcsc.com/product-detail/through-hole-resistors_cco-chian-chia-elec-fr2w-22-5-p5-0_C209744.html
C18002,1206W4F2000T5E,UNI-ROYAL(Uniroyal Elec),1206,,250mW Thick Film Resistors 200V ±100ppm/℃ ±1% 200Ω 1206 Chip Resistor - Surface Mount ROHS,yes,100,100,0.0028,0.28,https://www.lcsc.com/product-detail/chip-resistor-surface-mount_uni-royal-uniroyal-elec-1206w4f2000t5e_C18002.html
C45099,KM336M050E11RR0VH2FP0,CX(Dongguan Chengxing Elec),"Plugin,D6.3xL11mm",,"33uF 50V ±20% Plugin,D6.3xL11mm Aluminum Electrolytic Capacitors - Leaded ROHS",yes,20,20,0.0191,0.38,https://www.lcsc.com/product-detail/aluminum-electrolytic-capacitors-leaded_cx-dongguan-chengxing-elec-km336m050e11rr0vh2fp0_C45099.html
C333834,MPP104J2GA3A0R0,Hongzhi Elec,"Plugin,P=10mm",,"100nF -40℃~+105℃ ±5% 400V Plugin,P=10mm Polypropylene Film Capacitors (CBB) ROHS",yes,20,20,0.0337,0.67,https://www.lcsc.com/product-detail/polypropylene-film-capacitors-cbb_hongzhi-elec-mpp104j2ga3a0r0_C333834.html
C17414,0805W8F1002T5E,UNI-ROYAL(Uniroyal Elec),0805,,125mW Thick Film Resistors 150V ±100ppm/℃ ±1% 10kΩ 0805 Chip Resistor - Surface Mount ROHS,yes,100,100,0.0016,0.16,https://www.lcsc.com/product-detail/chip-resistor-surface-mount_uni-royal-uniroyal-elec-0805w8f1002t5e_C17414.html
C5310978,HT7533S,TECH PUBLIC,SOT-23,,"SOT-23 Voltage Regulators - Linear, Low Drop Out (LDO) Regulators ROHS",yes,10,10,0.0319,0.32,https://www.lcsc.com/product-detail/voltage-regulators-linear-low-drop-out-ldo-regulators_tech-public-ht7533s_C5310978.html
C2987730,LNK3206D-TL,POWER INTEGRATIONS,SO-7,,360mA 725V 66kHz SO-7 AC-DC Controllers and Regulators ROHS,yes,1,1,0.6646,0.66,https://www.lcsc.com/product-detail/ac-dc-controllers-and-regulators_power-integrations-lnk3206d-tl_C2987730.html
C168103,FNR6045S152MT,cjiang (Changjiang Microelectronics Tech),"SMD,6x6mm",,"240mA 1.5mH ±20% 270mA SMD,6x6mm Power Inductors ROHS",yes,5,5,0.1526,0.76,https://www.lcsc.com/product-detail/power-inductors_cjiang-changjiang-microelectronics-tech-fnr6045s152mt_C168103.html
C17616,0805W8F3003T5E,UNI-ROYAL(Uniroyal Elec),0805,,125mW Thick Film Resistors 150V ±100ppm/℃ ±1% 300kΩ 0805 Chip Resistor - Surface Mount ROHS,yes,100,100,0.0018,0.18,https://www.lcsc.com/product-detail/chip-resistor-surface-mount_uni-royal-uniroyal-elec-0805w8f3003t5e_C17616.html
C394206,LYT0006D-TL,POWER INTEGRATIONS,SOIC-7,,SOIC-7 LED Drivers ROHS,yes,1,1,0.4795,0.48,https://www.lcsc.com/product-detail/led-drivers_power-integrations-lyt0006d-tl_C394206.html
C2845051,SSP7785-3.3V,Shanghai Siproin Microelectronics,ESOP-8,,"10mA 70dB 3.3V Positive electrode ESOP-8 Voltage Regulators - Linear, Low Drop Out (LDO) Regulators ROHS",yes,5,5,0.1643,0.82,https://www.lcsc.com/product-detail/voltage-regulators-linear-low-drop-out-ldo-regulators_shanghai-siproin-microelectronics-ssp7785-3-3v_C2845051.html
C304616,RC-02W4701FT,FH (Guangdong Fenghua Advanced Tech),0402,,62.5mW Thick Film Resistors 50V ±1% ±200ppm/℃ 4.7kΩ 0402 Chip Resistor - Surface Mount ROHS,yes,50,50,0.0005,0.03,https://www.lcsc.com/product-detail/chip-resistor-surface-mount_fh-guangdong-fenghua-advanced-tech-rc-02w4701ft_C304616.html
C497813,YNR4030-471M,YJYCOIN,"SMD,4x4x3mm",,"200mA 470uH ±20% SMD,4x4x3mm Power Inductors ROHS",yes,10,10,0.0513,0.51,https://www.lcsc.com/product-detail/power-inductors_yjycoin-ynr4030-471m_C497813.html
C25092,0402WGF220JTCE,UNI-ROYAL(Uniroyal Elec),0402,,62.5mW Thick Film Resistors 50V ±1% ±100ppm/℃ 22Ω 0402 Chip Resistor - Surface Mount ROHS,yes,100,100,0.0005,0.05,https://www.lcsc.com/product-detail/chip-resistor-surface-mount_uni-royal-uniroyal-elec-0402wgf220jtce_C25092.html
C383211,LESD5D5.0CT1G,LRC,SOD-523,,9.4A 18.6V 5.6V Bidirectional 5V SOD-523 ESD and Surge Protection (TVS/ESD) ROHS,yes,100,50,0.0184,1.84,https://www.lcsc.com/product-detail/esd-and-surge-protection-tvs-esd_lrc-lesd5d5-0ct1g_C383211.html
C125626,GL5516,Senba Sensing Tech,"Plugin,P=3mm",,"5kΩ~10kΩ 540nm 500kΩ Plugin,P=3mm Photoresistors ROHS",yes,10,10,0.0450,0.45,https://www.lcsc.com/product-detail/photoresistors_senba-sensing-tech-gl5516_C125626.html
C3345109,HU2G2R2M0610,ROQANG,"SMD,D6.3xL10mm",,"2.2uF 400V 28mA@120Hz ±20% SMD,D6.3xL10mm Aluminum Electrolytic Capacitors - SMD ROHS",yes,10,10,0.0644,0.64,https://www.lcsc.com/product-detail/aluminum-electrolytic-capacitors-smd_roqang-hu2g2r2m0610_C3345109.html
C17673,0805W8F4701T5E,UNI-ROYAL(Uniroyal Elec),0805,,125mW Thick Film Resistors 150V ±100ppm/℃ ±1% 4.7kΩ 0805 Chip Resistor - Surface Mount ROHS,yes,100,100,0.0014,0.14,https://www.lcsc.com/product-detail/chip-resistor-surface-mount_uni-royal-uniroyal-elec-0805w8f4701t5e_C17673.html
C390142,KP334J2G1002,KYET,"Plugin,P=10mm",,"330nF -40℃~+100℃ ±5% 400V Plugin,P=10mm Polypropylene Film Capacitors (CBB) ROHS",yes,10,10,0.0637,0.64,https://www.lcsc.com/product-detail/polypropylene-film-capacitors-cbb_kyet-kp334j2g1002_C390142.html
C477717,RC0402FR-073ML,YAGEO,0402,,62.5mW Thick Film Resistors 50V ±100ppm/℃ ±1% 3MΩ 0402 Chip Resistor - Surface Mount ROHS,yes,100,100,0.0007,0.07,https://www.lcsc.com/product-detail/chip-resistor-surface-mount_yageo-rc0402fr-073ml_C477717.html
C353570,1SMAF4759A,Shandong Jingdao Microelectronics,SMAF,,Independent Type 58.9V~65.6V 1W 62V SMAF Zener Diodes ROHS,yes,20,20,0.0332,0.66,https://www.lcsc.com/product-detail/zener-diodes_shandong-jingdao-microelectronics-1smaf4759a_C353570.html
C16257,0805W8F330KT5E,UNI-ROYAL(Uniroyal Elec),0805,,125mW Thick Film Resistors 150V ±1% ±200ppm/℃ 3.3Ω 0805 Chip Resistor - Surface Mount ROHS,yes,100,100,0.0023,0.23,https://www.lcsc.com/product-detail/chip-resistor-surface-mount_uni-royal-uniroyal-elec-0805w8f330kt5e_C16257.html
C17506,0805W8F1802T5E,UNI-ROYAL(Uniroyal Elec),0805,,125mW Thick Film Resistors 150V ±100ppm/℃ ±1% 18kΩ 0805 Chip Resistor - Surface Mount ROHS,yes,100,100,0.0017,0.17,https://www.lcsc.com/product-detail/chip-resistor-surface-mount_uni-royal-uniroyal-elec-0805w8f1802t5e_C17506.html
C17480,0805W8F150JT5E,UNI-ROYAL(Uniroyal Elec),0805,,125mW Thick Film Resistors 150V ±100ppm/℃ ±1% 15Ω 0805 Chip Resistor - Surface Mount ROHS,yes,100,100,0.0018,0.18,https://www.lcsc.com/product-detail/chip-resistor-surface-mount_uni-royal-uniroyal-elec-0805w8f150jt5e_C17480.html
C100040,CC0603KRX7R9BB102,YAGEO,0603,,50V 1nF X7R ±10% 0603 Multilayer Ceramic Capacitors MLCC - SMD/SMT ROHS,yes,100,100,0.0020,0.20,https://www.lcsc.com/product-detail/multilayer-ceramic-capacitors-mlcc-smd-smt_yageo-cc0603krx7r9bb102_C100040.html
C5346628,EG4005C,EG Micro,SOP-8,,SOP-8 Human Body Sensing Sensor ROHS,yes,5,5,0.0832,0.42,https://www.lcsc.com/product-detail/human-body-sensing-sensor_eg-micro-eg4005c_C5346628.html
C49693,"PBSS4350Z,135",Nexperia,SOT-223-3,,"50V 2W 100@2A,2V 3A NPN SOT-223-3 Bipolar (BJT) ROHS",yes,5,5,0.0808,0.40,https://www.lcsc.com/product-detail/bipolar-bjt_nexperia-pbss4350z-135_C49693.html
C6081342,XYC-PIR203Z-S0,NEWOPTO,TO-5,,TO-5 Human Body Sensing Sensor ROHS,yes,2,1,0.4621,0.92,https://www.lcsc.com/product-detail/human-body-sensing-sensor_newopto-xyc-pir203z-s0_C6081342.html
C13879,MF52A103F3950 (A1),Nanjing Shiheng Elec,"Plugin,P=1.7mm",,"10kΩ 50mW ±1% 3950K ±1% Plugin,P=1.7mm NTC Thermistors ROHS",yes,10,10,0.0353,0.35,https://www.lcsc.com/product-detail/ntc-thermistors_nanjing-shiheng-elec-mf52a103f3950-a1_C13879.html
C16378,MURS160T3G,onsemi,SMB,,1.25V@1A 75ns 2A 600V SMB Fast Recovery / High Efficiency Diodes ROHS,yes,5,5,0.1510,0.76,https://www.lcsc.com/product-detail/fast-recovery-high-efficiency-diodes_onsemi-murs160t3g_C16378.html
C91672,TLV70450DBVR,Texas Instruments,SOT-23-5,,"60dB@(100kHz) 150mA Fixed 5V Positive electrode 24V SOT-23-5 Voltage Regulators - Linear, Low Drop Out (LDO) Regulators ROHS",yes,5,5,0.0772,0.39,https://www.lcsc.com/product-detail/voltage-regulators-linear-low-drop-out-ldo-regulators_texas-instruments-tlv70450dbvr_C91672.html
C21189,0603WAF0000T5E,UNI-ROYAL(Uniroyal Elec),0603,,100mW Thick Film Resistors 75V ±1% 0Ω 0603 Chip Resistor - Surface Mount ROHS,yes,100,100,0.0010,0.10,https://www.lcsc.com/product-detail/chip-resistor-surface-mount_uni-royal-uniroyal-elec-0603waf0000t5e_C21189.html
C100042,CC0603KRX7R9BB103,YAGEO,0603,,50V 10nF X7R ±10% 0603 Multilayer Ceramic Capacitors MLCC - SMD/SMT ROHS,yes,100,100,0.0020,0.20,https://www.lcsc.com/product-detail/multilayer-ceramic-capacitors-mlcc-smd-smt_yageo-cc0603krx7r9bb103_C100042.html
C93943,RC0402FR-0747KL,YAGEO,0402,,62.5mW Thick Film Resistors 50V ±100ppm/℃ ±1% 47kΩ 0402 Chip Resistor - Surface Mount ROHS,yes,100,100,0.0006,0.06,https://www.lcsc.com/product-detail/chip-resistor-surface-mount_yageo-rc0402fr-0747kl_C93943.html
C17544,0805W8F200JT5E,UNI-ROYAL(Uniroyal Elec),0805,,125mW Thick Film Resistors 150V ±1% ±200ppm/℃ 20Ω 0805 Chip Resistor - Surface Mount ROHS,yes,100,100,0.0015,0.15,https://www.lcsc.com/product-detail/chip-resistor-surface-mount_uni-royal-uniroyal-elec-0805w8f200jt5e_C17544.html
C32856,KS106M050C07RR0VH2FP0,CX(Dongguan Chengxing Elec),"Plugin,D4xL7mm",,"10uF 50V ±20% Plugin,D4xL7mm Aluminum Electrolytic Capacitors - Leaded ROHS",yes,50,50,0.0117,0.59,https://www.lcsc.com/product-detail/aluminum-electrolytic-capacitors-leaded_cx-dongguan-chengxing-elec-ks106m050c07rr0vh2fp0_C32856.html
C17513,0805W8F1001T5E,UNI-ROYAL(Uniroyal Elec),0805,,125mW Thick Film Resistors 150V ±100ppm/℃ ±1% 1kΩ 0805 Chip Resistor - Surface Mount ROHS,yes,100,100,0.0016,0.16,https://www.lcsc.com/product-detail/chip-resistor-surface-mount_uni-royal-uniroyal-elec-0805w8f1001t5e_C17513.html
C6341414,YDPK0810-472K,YJYCOIN,"Plugin,D10xL13mm",,"4.7mH ±10% 210mA Plugin,D10xL13mm Power Inductors ROHS",yes,5,5,0.2093,1.05,https://www.lcsc.com/product-detail/power-inductors_yjycoin-ydpk0810-472k_C6341414.html
C60490,RC0402FR-0710KL,YAGEO,0402,,62.5mW Thick Film Resistors 50V ±100ppm/℃ ±1% 10kΩ 0402 Chip Resistor - Surface Mount ROHS,yes,100,100,0.0005,0.05,https://www.lcsc.com/product-detail/chip-resistor-surface-mount_yageo-rc0402fr-0710kl_C60490.html
C17931,1206W4F3603T5E,UNI-ROYAL(Uniroyal Elec),1206,,250mW Thick Film Resistors 200V ±100ppm/℃ ±1% 360kΩ 1206 Chip Resistor - Surface Mount ROHS,yes,100,100,0.0030,0.30,https://www.lcsc.com/product-detail/chip-resistor-surface-mount_uni-royal-uniroyal-elec-1206w4f3603t5e_C17931.html
C17168,0402WGF0000TCE,UNI-ROYAL(Uniroyal Elec),0402,,62.5mW Thick Film Resistors 50V ±800ppm/℃ ±1% 0Ω 0402 Chip Resistor - Surface Mount ROHS,yes,100,100,0.0005,0.05,https://www.lcsc.com/product-detail/chip-resistor-surface-mount_uni-royal-uniroyal-elec-0402wgf0000tce_C17168.html
C17408,0805W8F1000T5E,UNI-ROYAL(Uniroyal Elec),0805,,125mW Thick Film Resistors 150V ±100ppm/℃ ±1% 100Ω 0805 Chip Resistor - Surface Mount ROHS,yes,100,100,0.0017,0.17,https://www.lcsc.com/product-detail/chip-resistor-surface-mount_uni-royal-uniroyal-elec-0805w8f1000t5e_C17408.html
C138011,RC0402FR-07300KL,YAGEO,0402,,62.5mW Thick Film Resistors 50V ±100ppm/℃ ±1% 300kΩ 0402 Chip Resistor - Surface Mount ROHS,yes,100,100,0.0007,0.07,https://www.lcsc.com/product-detail/chip-resistor-surface-mount_yageo-rc0402fr-07300kl_C138011.html
C104087,RTT05203JTP,RALEC,0805,,125mW Thick Film Resistors 150V ±100ppm/℃ ±5% 20kΩ 0805 Chip Resistor - Surface Mount ROHS,yes,100,100,0.0041,0.41,https://www.lcsc.com/product-detail/chip-resistor-surface-mount_ralec-rtt05203jtp_C104087.html
C173429,BZT52C12,MDD(Microdiode Semiconductor),SOD-123,,Independent Type 11.4V~12.7V 500mW 12V SOD-123 Zener Diodes ROHS,yes,50,50,0.0106,0.53,https://www.lcsc.com/product-detail/zener-diodes_mdd-microdiode-semiconductor-bzt52c12_C173429.html
C78180,RH6015C,RONGHE Microelectronics,SOT-23-6,,Capacitive touch No 1 SOT-23-6 Touch Sensors ROHS,yes,5,5,0.0838,0.42,https://www.lcsc.com/product-detail/touch-sensors_ronghe-microelectronics-rh6015c_C78180.html
C128367,NSI45020AT1G,onsemi,SOD-123,,20mA 45V SOD-123 LED Drivers ROHS,yes,5,5,0.1446,0.72,https://www.lcsc.com/product-detail/led-drivers_onsemi-nsi45020at1g_C128367.html
C142526,VCNL4040M3OE,Vishay Intertech,SMD-8P,,SMD-8P Ambient Light Sensors ROHS,yes,2,1,1.1360,2.27,https://www.lcsc.com/product-detail/ambient-light-sensors_vishay-intertech-vcnl4040m3oe_C142526.html
C3343,RVT1E100M0405,Honor Elec,"SMD,D4xL5.4mm",,"10uF 25V ±20% SMD,D4xL5.4mm Aluminum Electrolytic Capacitors - SMD ROHS",yes,20,20,0.0206,0.41,https://www.lcsc.com/product-detail/aluminum-electrolytic-capacitors-smd_honor-elec-rvt1e100m0405_C3343.html
C128551,VG039NCHXTB204,HDK(Hokuriku Elec Industry),SMD,,"±25% 200kΩ SMD Potentiometers, Variable Resistors ROHS",yes,10,10,0.0627,0.63,https://www.lcsc.com/product-detail/potentiometers-variable-resistors_hdk-hokuriku-elec-industry-vg039nchxtb204_C128551.html
C908652,ES2JF,GOODWORK,SMAF,,1.7V@2A 35ns Independent Type 2A 600V SMAF Fast Recovery / High Efficiency Diodes ROHS,yes,20,20,0.0074,0.15,https://www.lcsc.com/product-detail/fast-recovery-high-efficiency-diodes_goodwork-es2jf_C908652.html
C2914012,SW-18015PZR-10G12B3,XKB Connection,Plugin,,Plugin Vibration Sensors ROHS,yes,10,10,0.0487,0.49,https://www.lcsc.com/product-detail/vibration-sensors_xkb-connection-sw-18015pzr-10g12b3_C2914012.html
C15849,CL10A105KB8NNNC,Samsung Electro-Mechanics,0603,,50V 1uF X5R ±10% 0603 Multilayer Ceramic Capacitors MLCC - SMD/SMT ROHS,yes,100,50,0.0037,0.37,https://www.lcsc.com/product-detail/multilayer-ceramic-capacitors-mlcc-smd-smt_samsung-electro-mechanics-cl10a105kb8nnnc_C15849.html
C96973,SWPA8040S681MT,Sunlord,"SMD,8x8mm",,"450mA 680uH ±20% SMD,8x8mm Power Inductors ROHS",yes,5,5,0.1040,0.52,https://www.lcsc.com/product-detail/power-inductors_sunlord-swpa8040s681mt_C96973.html
C437593,1N4005W,Shandong Jingdao Microelectronics,SOD-123FL,,1A Independent Type 600V 1.1V@1A SOD-123FL Diodes - General Purpose ROHS,yes,100,100,0.0064,0.64,https://www.lcsc.com/product-detail/diodes-general-purpose_shandong-jingdao-microelectronics-1n4005w_C437593.html
C423084,0603WAD1212T5E,UNI-ROYAL(Uniroyal Elec),0603,,100mW Thick Film Resistors 75V ±100ppm/℃ ±0.5% 12.1kΩ 0603 Chip Resistor - Surface Mount ROHS,yes,100,100,0.0038,0.38,https://www.lcsc.com/product-detail/chip-resistor-surface-mount_uni-royal-uniroyal-elec-0603wad1212t5e_C423084.html
C130723,NCD0402G1,Foshan NationStar Optoelectronics,0402,,20mA Colorless Transparent Lens 100mcd~270mcd 515nm~530nm -30℃~+85℃ Emerald 130° 72mW 2.6V~3.6V 0402 LED Indication - Discrete ROHS,yes,60,20,0.0360,2.16,https://www.lcsc.com/product-detail/led-indication-discrete_foshan-nationstar-optoelectronics-ncd0402g1_C130723.html
C908655,ES1J,GOODWORK,SMA(DO-214AC),,1.7V@1A 35ns Independent Type 1A 600V SMA(DO-214AC) Fast Recovery / High Efficiency Diodes ROHS,yes,50,50,0.0089,0.45,https://www.lcsc.com/product-detail/fast-recovery-high-efficiency-diodes_goodwork-es1j_C908655.html
C138033,RC0402FR-071ML,YAGEO,0402,,62.5mW Thick Film Resistors 50V ±100ppm/℃ ±1% 1MΩ 0402 Chip Resistor - Surface Mount ROHS,yes,100,100,0.0006,0.06,https://www.lcsc.com/product-detail/chip-resistor-surface-mount_yageo-rc0402fr-071ml_C138033.html
C724292,YNR5040-471M,YJYCOIN,"SMD,5x5mm",,"470uH ±20% SMD,5x5mm Power Inductors ROHS",yes,5,5,0.0566,0.28,https://www.lcsc.com/product-detail/power-inductors_yjycoin-ynr5040-471m_C724292.html
C2063,KM227M035F12RR0VH2FP0,CX(Dongguan Chengxing Elec),"Plugin,D8xL12mm",,"220uF 35V ±20% Plugin,D8xL12mm Aluminum Electrolytic Capacitors - Leaded ROHS",yes,10,10,0.0334,0.33,https://www.lcsc.com/product-detail/aluminum-electrolytic-capacitors-leaded_cx-dongguan-chengxing-elec-km227m035f12rr0vh2fp0_C2063.html
C403100,ERJ3EKF2491V,PANASONIC,0603,,100mW Thick Film Resistors ±100ppm/℃ ±1% 2.49kΩ 0603 Chip Resistor - Surface Mount ROHS,yes,100,100,0.0049,0.49,https://www.lcsc.com/product-detail/chip-resistor-surface-mount_panasonic-erj3ekf2491v_C403100.html
C400682,ERJ3GEYJ273V,PANASONIC,0603,,100mW Thick Film Resistors ±5% ±200ppm/℃ 27kΩ 0603 Chip Resistor - Surface Mount ROHS,yes,100,100,0.0050,0.50,https://www.lcsc.com/product-detail/chip-resistor-surface-mount_panasonic-erj3geyj273v_C400682.html
C96113,PDS760-13,Diodes Incorporated,Power-DI-5,,60V 620mV@7A 7A Power-DI-5 Schottky Diodes ROHS,yes,15,5,0.3345,5.02,https://www.lcsc.com/product-detail/schottky-diodes_diodes-incorporated-pds760-13_C96113.html
C2897366,PM254-1-03-Z-8.5,HCTL,"Plugin,P=2.54mm",,"2.54mm Single Row 3A Copper alloy 3P -40℃~+105℃ Direct Insert 1x3P 8.5mm Top Square Hole Plugin,P=2.54mm Female Headers ROHS",yes,5,5,0.0877,0.44,https://www.lcsc.com/product-detail/female-headers_hctl-pm254-1-03-z-8-5_C2897366.html
C7423107,SK6812MINIRGBW-NW-P6,OPSCO Optoelectronics,"SMD,3.5x3.7mm",,"SMD,3.5x3.7mm RGB LEDs(Built-in IC) ROHS",yes,20,5,0.1164,2.33,https://www.lcsc.com/product-detail/rgb-leds-built-in-ic_opsco-optoelectronics-sk6812minirgbw-nw-p6_C7423107.html
C130719,NCD0402R1,Foshan NationStar Optoelectronics,0402,,25mA Colorless Transparent Lens 13mcd~30mcd 615nm~635nm -30℃~+85℃ Red 130° 65mW 1.6V~2.6V 0402 LED Indication - Discrete ROHS,yes,40,20,0.0316,1.26,https://www.lcsc.com/product-detail/led-indication-discrete_foshan-nationstar-optoelectronics-ncd0402r1_C130719.html
C5365642,A2541HWR-3P,CJT(Changjiang Connectors),"Push-Pull,P=2.54mm",,"2.54mm 3A Single Row Gold 3P -40℃~+105℃ Brass 250V Bend-in 1x3P Side 2.5mm Square Hole Push-Pull,P=2.54mm Female Headers ROHS",yes,37,37,0.0621,2.30,https://www.lcsc.com/product-detail/female-headers_cjt-changjiang-connectors-a2541hwr-3p_C5365642.html
C2906054,PM200-1-05-W-4.3,HCTL,"Push-Pull,P=2mm",,"2mm Single Row 1.5A Brass 5P -40℃~+105℃ Bend-in 1x5P Side 4.3mm Square Hole Push-Pull,P=2mm Female Headers ROHS",yes,29,29,0.1258,3.65,https://www.lcsc.com/product-detail/female-headers_hctl-pm200-1-05-w-4-3_C2906054.html
C5174608,TM1812B,TM(Shenzhen Titan Micro Elec),SOP-16,,SOP-16 LED Drivers ROHS,yes,5,5,0.1250,0.63,https://www.lcsc.com/product-detail/led-drivers_tm-shenzhen-titan-micro-elec-tm1812b_C5174608.html
C27899,SN65HVD485EDR,Texas Instruments,SOIC-8,,Transceiver 10Mbps SOIC-8 RS-485 / RS-422 ICs ROHS,yes,2,1,0.3998,0.80,https://www.lcsc.com/product-detail/rs-485-rs-422-ics_texas-instruments-sn65hvd485edr_C27899.html
C84051,TC4056A,Shenzhen Fuman Elec,SOP-8-EP,,SOP-8-EP Battery Management ROHS,yes,20,10,0.0412,0.82,https://www.lcsc.com/product-detail/battery-management_shenzhen-fuman-elec-tc4056a_C84051.html
C182078,LMR14030SDDAR,Texas Instruments,SO-8-EP,,Step-down type Adjustable 800mV~28V 3.5A 4V~40V SO-8-EP DC-DC Converters ROHS,yes,5,1,0.3846,1.92,https://www.lcsc.com/product-detail/dc-dc-converters_texas-instruments-lmr14030sddar_C182078.html
C21882411,TM512AE0,TM(Shenzhen Titan Micro Elec),SOP-8,,SOP-8 LED Drivers ROHS,yes,15,5,0.1583,2.37,https://www.lcsc.com/product-detail/led-drivers_tm-shenzhen-titan-micro-elec-tm512ae0_C21882411.html
C5174489,TM512AC,TM(Shenzhen Titan Micro Elec),SSOP-10,,SSOP-10 LED Drivers ROHS,yes,105,5,0.2593,27.23,https://www.lcsc.com/product-detail/led-drivers_tm-shenzhen-titan-micro-elec-tm512ac_C5174489.html
C2691448,PZ254V-11-04P,XFCN,"Plugin,P=2.54mm",,"250V 3A Direct Insert Policy 2.5mm 4P 6mm -40℃~+105℃ 3mm 2.54mm Single Row Black 1x4P Plugin,P=2.54mm Pin Headers ROHS",yes,40,20,0.0198,0.79,https://www.lcsc.com/product-detail/pin-headers_xfcn-pz254v-11-04p_C2691448.html
C8598,B5819W SL,"Jiangsu Changjing Electronics Technology Co., Ltd.",SOD-123,,40V 600mV@1A 1A SOD-123 Schottky Diodes ROHS,yes,20,20,0.0241,0.48,https://www.lcsc.com/product-detail/schottky-diodes_jiangsu-changjing-electronics-technology-co-ltd-b5819w-sl_C8598.html
C2890354,GT-TCB73B-H048-L1,G-Switch,Plugin,,None Without 50mA 4.5mm 100MΩ 100000 Times 12V 250gf 4.5mm 4.8mm Round Button Horizontal Plug SPST Plugin Tactile Switches ROHS,yes,10,10,0.0495,0.50,https://www.lcsc.com/product-detail/tactile-switches_g-switch-gt-tcb73b-h048-l1_C2890354.html
C3000211,HC-RJ45-055-4,HCTL,SMD,,RJ45Receptacle Shielded 1 Sinking board Gold Phosphor Bronze Without LED -40℃~+85℃ SMD Ethernet Connectors / Modular Connectors (RJ45 RJ11) ROHS,yes,5,5,0.2074,1.04,https://www.lcsc.com/product-detail/ethernet-connectors-modular-connectors-rj45-rj11_hctl-hc-rj45-055-4_C3000211.html
C62892,UMH3N,"Jiangsu Changjing Electronics Technology Co., Ltd.",SC-70-6(SOT-363),,"100@1mA,5V 150mW 100mA 50V SC-70-6(SOT-363) Digital Transistors ROHS",yes,10,10,0.0422,0.42,https://www.lcsc.com/product-detail/digital-transistors_jiangsu-changjing-electronics-technology-co-ltd-umh3n_C62892.html
C19738,MAX485ESA+T,Analog Devices Inc./Maxim Integrated,SOIC-8,,Transceiver 2.5Mbps SOIC-8 RS-485 / RS-422 ICs ROHS,yes,2,1,0.7725,1.55,https://www.lcsc.com/product-detail/rs-485-rs-422-ics_analog-devices-inc-maxim-integrated-max485esa-t_C19738.html
C431540,MSK12C02,SHOU HAN,SMD,,"Horizontal attachment 50mA Single Pole Double Throw (SPDT) 12V 10,000 times SMD Slide Switches ROHS",yes,20,10,0.0504,1.01,https://www.lcsc.com/product-detail/slide-switches_shou-han-msk12c02_C431540.html
C5242196,X6511WRS-03H-C60D48,XKB Connection,"SMD,P=2.54mm",,"Gold 250V 3A Policy 2.5mm 3P -40℃~+105℃ 2.54mm Brass Black Single Row 2.54mm 1x3P SMD,P=2.54mm Pin Headers ROHS",yes,20,10,0.0420,0.84,https://www.lcsc.com/product-detail/pin-headers_xkb-connection-x6511wrs-03h-c60d48_C5242196.html
C124187,BAT760-7,Diodes Incorporated,SOD-323,,30V 550mV@1A 1A SOD-323 Schottky Diodes ROHS,yes,20,10,0.0359,0.72,https://www.lcsc.com/product-detail/schottky-diodes_diodes-incorporated-bat760-7_C124187.html
C2908448,JL2EDGB-50804G01,JILN,P=5.08mm,,300V 15A 4 Straight Needle -40℃~+150℃ 1 5.08mm 1x4P Green Terminal/Plug P=5.08mm Pluggable System Terminal Block ROHS,yes,3,1,0.5406,1.62,https://www.lcsc.com/product-detail/pluggable-system-terminal-block_jiln-jl2edgb-50804g01_C2908448.html
C509073,VEML3328,Vishay Intertech,SMD-4P,,16 SMD-4P Ambient Light Sensors ROHS,yes,4,1,1.1799,4.72,https://www.lcsc.com/product-detail/ambient-light-sensors_vishay-intertech-veml3328_C509073.html
C2765186,TYPE-C 16PIN 2MD(073),SHOU HAN,SMD,,5A USB 3.1 1 Horizontal attachment 16P Mother -25℃~+85℃ Type-C SMD USB Connectors ROHS,yes,20,10,0.0528,1.06,https://www.lcsc.com/product-detail/usb-connectors_shou-han-type-c-16pin-2md-073_C2765186.html
C2927799,DW01A,YONGYUTAI,SOT-23-6,,-300mV~8V Lithium-ion/Polymer 1 SOT-23-6 Battery Management ROHS,yes,40,20,0.0289,1.16,https://www.lcsc.com/product-detail/battery-management_yongyutai-dw01a_C2927799.html
C481667,MAX485ED,HTC Korea TAEJIN Tech,SOP-8,,SOP-8 RS-485 / RS-422 ICs ROHS,yes,5,5,0.3065,1.53,https://www.lcsc.com/product-detail/rs-485-rs-422-ics_htc-korea-taejin-tech-max485ed_C481667.html
C91197,ST485BDR,STMicroelectronics,SOIC-8,,Transceiver 2.5Mbps SOIC-8 RS-485 / RS-422 ICs ROHS,yes,2,1,0.4907,0.98,https://www.lcsc.com/product-detail/rs-485-rs-422-ics_stmicroelectronics-st485bdr_C91197.html
C5242546,X4611WRS-05I-C40D44,XKB Connection,"SMD,P=2mm",,"Gold 250V 3A Policy 2mm 5P -40℃~+105℃ 2mm Brass Black Single Row 2mm 1x5P SMD,P=2mm Pin Headers ROHS",yes,15,5,0.0698,1.05,https://www.lcsc.com/product-detail/pin-headers_xkb-connection-x4611wrs-05i-c40d44_C5242546.html
C265096,S04B-PASK-2(LF)(SN),JST,"Push-Pull,P=2mm",,"1x4P 4P PA Tin 4 -25℃~+85℃ 3A 1 2mm Copper alloy Bend-in Push-Pull,P=2mm Wire To Board Connector ROHS",yes,5,5,0.1181,0.59,https://www.lcsc.com/product-detail/wire-to-board-connector_jst-s04b-pask-2-lf-sn_C265096.html
C784544,TC5050RGBW4D06-4CJHR3-AFW421A,TCWIN,SMD5050,,"3800K~4200K -40℃~+85℃ Red,Emerald,Blue,White 200mW SMD5050 LED Indication - Discrete ROHS",yes,10,5,0.0567,0.57,https://www.lcsc.com/product-detail/led-indication-discrete_tcwin-tc5050rgbw4d06-4cjhr3-afw421a_C784544.html
C964632,CP2102N-A02-GQFN28R,SKYWORKS/SILICON LABS,QFN-28-EP(5x5),,USB to UART QFN-28-EP(5x5) USB Converters ROHS,yes,1,1,1.9146,1.91,https://www.lcsc.com/product-detail/usb-converters_skyworks-silicon-labs-cp2102n-a02-gqfn28r_C964632.html
C726773,SMAJ6.5CA,TWGMC,SMA(DO-214AC),,35.7A 400W 11.2V 7.22V Bidirectional 6.5V SMA(DO-214AC) ESD and Surge Protection (TVS/ESD) ROHS,yes,20,20,0.0318,0.64,https://www.lcsc.com/product-detail/esd-and-surge-protection-tvs-esd_twgmc-smaj6-5ca_C726773.html
C86534,XC6220B331MR-G,Torex Semicon,SOT-25-5,,"50dB@(1kHz) 1A Fixed 3.3V Positive electrode 6V SOT-25-5 Voltage Regulators - Linear, Low Drop Out (LDO) Regulators ROHS",yes,7,1,0.4267,2.99,https://www.lcsc.com/product-detail/voltage-regulators-linear-low-drop-out-ldo-regulators_torex-semicon-xc6220b331mr-g_C86534.html
C78284,BSS138,"Jiangsu Changjing Electronics Technology Co., Ltd.",SOT-23,,"50V 220mA 6Ω@4.5V,0.22A 350mW 800mV@1mA 1 N-channel SOT-23 MOSFETs ROHS",yes,20,20,0.0184,0.37,https://www.lcsc.com/product-detail/mosfets_jiangsu-changjing-electronics-technology-co-ltd-bss138_C78284.html
C713968,MF1/4W-33Ω±1%T52,Huaxing Mechanical-Elec.,"Plugin,D2.3xL6.5mm",,"Metal Film Resistors 33Ω 250mW ±200ppm/℃ ±1% Plugin,D2.3xL6.5mm Through Hole Resistors ROHS",yes,100,100,0.0062,0.62,https://www.lcsc.com/product-detail/through-hole-resistors_huaxing-mechanical-elec-mf1-4w-33-1-t52_C713968.html
C710209,3004UM2C/L7277I5L6U27-T,Everlight Elec,"SMD,0.9x3mm",,"20mA Colorless Transparent Lens Side Adhesive -40℃~+85℃ White 115° 110mW SMD,0.9x3mm LED Indication - Discrete ROHS",yes,30,10,0.0670,2.01,https://www.lcsc.com/product-detail/led-indication-discrete_everlight-elec-3004um2c-l7277i5l6u27-t_C710209.html
C129161,BCR320UE6327,Infineon Technologies,SC-74-6,,16V 1 Linear constant current drive 250mA 25V SC-74-6 LED Drivers ROHS,yes,14,1,0.2482,3.47,https://www.lcsc.com/product-detail/led-drivers_infineon-technologies-bcr320ue6327_C129161.html
C699473,HL-EMC-3030D46W-2C-S1-HR3,HONGLITRONIC(Hongli Zhihui (HONGLITRONIC)),SMD3030,,150mA 3000K Foggy yellow lens -40℃~+85℃ Positive Stick White 120° 1.156W 6.8V SMD3030 LED Indication - Discrete ROHS,yes,20,10,0.0473,0.95,https://www.lcsc.com/product-detail/led-indication-discrete_honglitronic-hongli-zhihui-honglitronic-hl-emc-3030d46w-2c-s1-hr3_C699473.html
C917589,X4611WRS-02I-C40D28,XKB Connection,"SMD,P=2mm,Surface Mount，Right Angle",,"Gold 250V 3A Policy 2mm 2P -40℃~+105℃ 2mm Single Row Black Brass 2mm 1x2P SMD,P=2mm,Surface Mount，Right Angle Pin Headers ROHS",yes,20,10,0.0497,0.99,https://www.lcsc.com/product-detail/pin-headers_xkb-connection-x4611wrs-02i-c40d28_C917589.html
C178531,EEEFK1C100R,PANASONIC,"SMD,D4xL5.8mm",,"10uF 16V 67.5mA@120Hz ±20% SMD,D4xL5.8mm Aluminum Electrolytic Capacitors - SMD ROHS",yes,5,5,0.0871,0.44,https://www.lcsc.com/product-detail/aluminum-electrolytic-capacitors-smd_panasonic-eeefk1c100r_C178531.html
C693904,MHS171UGCT,MEIHUA,0805,,20mA Colorless Transparent Lens Side Adhesive -40℃~+85℃ 515nm~530nm Emerald 140° 95mW 0805 LED Indication - Discrete ROHS,yes,30,10,0.0502,1.51,https://www.lcsc.com/product-detail/led-indication-discrete_meihua-mhs171ugct_C693904.html
C124641,3314J-1-200E,BOURNS,"SMD,4.5x4.5mm",,"±20% ±100ppm/℃ 250mW 20Ω SMD,4.5x4.5mm Potentiometers, Variable Resistors ROHS",yes,3,1,0.5203,1.56,https://www.lcsc.com/product-detail/potentiometers-variable-resistors_bourns-3314j-1-200e_C124641.html
C5440667,XL-4008WWC,XINGLIGHT,"SMD,4x1.4mm",,"30mA 3000K Yellow lens -40℃~+85℃ Side Adhesive White 90° 30mW 2.9V~3.3V SMD,4x1.4mm LED Indication - Discrete ROHS",yes,330,10,0.0329,10.86,https://www.lcsc.com/product-detail/led-indication-discrete_xinglight-xl-4008wwc_C5440667.html
C123008,UMH3NTN,ROHM Semicon,SOT-363,,"100@1mA,5V 150mW 100mA 50V SOT-363 Digital Transistors ROHS",yes,10,10,0.0548,0.55,https://www.lcsc.com/product-detail/digital-transistors_rohm-semicon-umh3ntn_C123008.html
C492410,PZ254R-11-02P,XFCN,"Push-Pull,P=2.54mm",,"Bend-in Policy 2.5mm 2P 6mm -40℃~+105℃ 2.54mm Single Row Black Brass 1x2P Push-Pull,P=2.54mm Pin Headers ROHS",yes,50,50,0.0132,0.66,https://www.lcsc.com/product-detail/pin-headers_xfcn-pz254r-11-02p_C492410.html
C917441,HL-5050RGBW-S1,HONGLITRONIC(Hongli Zhihui (HONGLITRONIC)),SMD5050,,"20mA 4750K~5300K -35℃~+85℃ Positive Stick Red,Emerald,Blue,White 120° SMD5050 LED Indication - Discrete ROHS",yes,30,10,0.0584,1.75,https://www.lcsc.com/product-detail/led-indication-discrete_honglitronic-hongli-zhihui-honglitronic-hl-5050rgbw-s1_C917441.html
C693902,MHS171WDT-C2,MEIHUA,0805,,20mA Foggy yellow lens Side Adhesive -40℃~+85℃ White 140° 75mW 0805 LED Indication - Discrete ROHS,yes,30,10,0.0560,1.68,https://www.lcsc.com/product-detail/led-indication-discrete_meihua-mhs171wdt-c2_C693902.html
C504893,VEML7700-TR,Vishay Intertech,SMD-4P,,SMD-4P Ambient Light Sensors ROHS,yes,4,1,1.0036,4.01,https://www.lcsc.com/product-detail/ambient-light-sensors_vishay-intertech-veml7700-tr_C504893.html
C393937,SK12D07VG4,SHOU HAN,Plugin,,500mA Single Pole Double Throw (SPDT) 50V 5 Thousand Times Plugin Slide Switches ROHS,yes,60,20,0.0215,1.29,https://www.lcsc.com/product-detail/slide-switches_shou-han-sk12d07vg4_C393937.html
C209629,EDZVT2R12B,ROHM Semicon,SOD-523,,Independent Type 11.74V~12.24V 150mW 12V SOD-523 Zener Diodes ROHS,yes,20,20,0.0257,0.51,https://www.lcsc.com/product-detail/zener-diodes_rohm-semicon-edzvt2r12b_C209629.html
C7063,SN75176BDR,Texas Instruments,SOIC-8,,Transceiver SOIC-8 RS-485 / RS-422 ICs ROHS,yes,5,5,0.0989,0.49,https://www.lcsc.com/product-detail/rs-485-rs-422-ics_texas-instruments-sn75176bdr_C7063.html
C2906032,PM200-1-02-Z-4.3,HCTL,"Plugin,P=2mm",,"2mm Single Row 1.5A Brass 2P -40℃~+105℃ Direct Insert 1x2P 4.3mm Top Square Hole Plugin,P=2mm Female Headers ROHS",yes,20,5,0.0846,1.69,https://www.lcsc.com/product-detail/female-headers_hctl-pm200-1-02-z-4-3_C2906032.html
C693903,MHS171CRCT,MEIHUA,0805,,20mA Colorless Transparent Lens Side Adhesive -40℃~+85℃ 617.5nm~629.5nm Red 140° 60mW 0805 LED Indication - Discrete ROHS,yes,30,10,0.0466,1.40,https://www.lcsc.com/product-detail/led-indication-discrete_meihua-mhs171crct_C693903.html
C131126,MAX3280EAUK+T,Analog Devices Inc./Maxim Integrated,SOT-23-5,,Receivers 52Mbps SOT-23-5 RS-485 / RS-422 ICs ROHS,yes,5,1,0.9577,4.79,https://www.lcsc.com/product-detail/rs-485-rs-422-ics_analog-devices-inc-maxim-integrated-max3280eauk-t_C131126.html
C351784,AMS1117-3.3,PUOLOP,SOT-223-3,,"800mA Fixed 3.3V Positive electrode 18V SOT-223-3 Voltage Regulators - Linear, Low Drop Out (LDO) Regulators ROHS",yes,10,10,0.0461,0.46,https://www.lcsc.com/product-detail/voltage-regulators-linear-low-drop-out-ldo-regulators_puolop-ams1117-3-3_C351784.html
C2830320,FS8205A,TECH PUBLIC,SOT-23-6,,"20V 6A 25mΩ@2.5V,3A 1.5W 500mV@250uA 2 N-Channel SOT-23-6 MOSFETs ROHS",yes,10,10,0.0379,0.38,https://www.lcsc.com/product-detail/mosfets_tech-public-fs8205a_C2830320.html
C968211,BZX584C9V1,Yangzhou Yangjie Elec Tech,SOD-523(SC-79),,Independent Type 8.5V~9.6V 9.1V SOD-523(SC-79) Zener Diodes ROHS,yes,50,50,0.0180,0.90,https://www.lcsc.com/product-detail/zener-diodes_yangzhou-yangjie-elec-tech-bzx584c9v1_C968211.html
C49661,2.54-1*2P,BOOMELE(Boom Precision Elec),"Plugin,P=2.54mm",,"2.54mm Single Row 2P Direct Insert 1x2P Plugin,P=2.54mm Female Headers ROHS",yes,60,20,0.0352,2.11,https://www.lcsc.com/product-detail/female-headers_boomele-boom-precision-elec-2-54-1-2p_C49661.html
C85100,B560C-13-F,Diodes Incorporated,SMC(DO-214AB),,60V 700mV@5A 5A SMC(DO-214AB) Schottky Diodes ROHS,yes,5,5,0.1264,0.63,https://www.lcsc.com/product-detail/schottky-diodes_diodes-incorporated-b560c-13-f_C85100.html
C202311,BQ21040DBVR,Texas Instruments,SOT-23-6,,6.45V Lithium-ion/Polymer 1 800mA SOT-23-6 Battery Management ROHS,yes,5,5,0.2933,1.47,https://www.lcsc.com/product-detail/battery-management_texas-instruments-bq21040dbvr_C202311.html
C693906,MHS171UBCT,MEIHUA,0805,,5mA Colorless Transparent Lens Side Adhesive -40℃~+85℃ 467nm~476nm Blue 140° 75mW 0805 LED Indication - Discrete ROHS,yes,30,10,0.0509,1.53,https://www.lcsc.com/product-detail/led-indication-discrete_meihua-mhs171ubct_C693906.html
C128554,VG039NCHXTB332,HDK(Hokuriku Elec Industry),SMD,,"±25% 3.3kΩ SMD Potentiometers, Variable Resistors ROHS",yes,10,10,0.0689,0.69,https://www.lcsc.com/product-detail/potentiometers-variable-resistors_hdk-hokuriku-elec-industry-vg039nchxtb332_C128554.html
C2843780,XL-3806RGBC-6L,XINGLIGHT,"SMD,1x3.8mm",,"SMD,1x3.8mm RGB LEDs ROHS",yes,80,5,0.0658,5.26,https://www.lcsc.com/product-detail/rgb-leds_xinglight-xl-3806rgbc-6l_C2843780.html
C53892,BZX584C11,"Jiangsu Changjing Electronics Technology Co., Ltd.",SOD-523,,Independent Type 10.4V~11.6V 150mW 11V SOD-523 Zener Diodes ROHS,yes,10,10,0.0364,0.36,https://www.lcsc.com/product-detail/zener-diodes_jiangsu-changjing-electronics-technology-co-ltd-bzx584c11_C53892.html
C319099,DC-005-2.5A-2.0,XKB Connection,Plugin,,Panel installation DC Power Receptacle -20℃~+70℃ 2mm 6.2mm Plugin DC Power Connectors ROHS,yes,5,5,0.0813,0.41,https://www.lcsc.com/product-detail/dc-power-connectors_xkb-connection-dc-005-2-5a-2-0_C319099.html
C1850416,VEML7700-TT,Vishay Intertech,SMD-4P,,SMD-4P Ambient Light Sensors ROHS,yes,2,1,1.4198,2.84,https://www.lcsc.com/product-detail/ambient-light-sensors_vishay-intertech-veml7700-tt_C1850416.html
C2830573,GW JTLRS1.EM-LVL5-XX55-1-100-R33,OSRAM Opto Semicon,SMD2835,,100mA 4000K -40℃~+100℃ White 120° 9.2V SMD2835 LED Indication - Discrete ROHS,yes,20,10,0.0417,0.83,https://www.lcsc.com/product-detail/led-indication-discrete_osram-opto-semicon-gw-jtlrs1-em-lvl5-xx55-1-100-r33_C2830573.html
C5174488,TM512AC,TM(Shenzhen Titan Micro Elec),SOP-16,,SOP-16 LED Drivers ROHS,yes,10,5,0.2410,2.41,https://www.lcsc.com/product-detail/led-drivers_tm-shenzhen-titan-micro-elec-tm512ac_C5174488.html
C22966,0603WAF2700T5E,UNI-ROYAL(Uniroyal Elec),0603,,100mW Thick Film Resistors 75V ±100ppm/℃ ±1% 270Ω 0603 Chip Resistor - Surface Mount ROHS,yes,100,100,0.0010,0.10,https://www.lcsc.com/product-detail/chip-resistor-surface-mount_uni-royal-uniroyal-elec-0603waf2700t5e_C22966.html
C85713,CL10A106MP8NNNC,Samsung Electro-Mechanics,0603,,10V 10uF X5R ±20% 0603 Multilayer Ceramic Capacitors MLCC - SMD/SMT ROHS,yes,100,50,0.0053,0.53,https://www.lcsc.com/product-detail/multilayer-ceramic-capacitors-mlcc-smd-smt_samsung-electro-mechanics-cl10a106mp8nnnc_C85713.html
C86052,GRM32ER71H475KA88L,Murata Electronics,1210,,50V 4.7uF X7R ±10% 1210 Multilayer Ceramic Capacitors MLCC - SMD/SMT ROHS,yes,25,5,0.0960,2.40,https://www.lcsc.com/product-detail/multilayer-ceramic-capacitors-mlcc-smd-smt_murata-electronics-grm32er71h475ka88l_C86052.html
C307746,MLP2016V2R2MT0S1,TDK,"SMD,1.6x2mm",,"1A 2.2uH ±20% 170mΩ SMD,1.6x2mm Inductors (SMD) ROHS",yes,10,10,0.0693,0.69,https://www.lcsc.com/product-detail/inductors-smd_tdk-mlp2016v2r2mt0s1_C307746.html
C11702,0402WGF1001TCE,UNI-ROYAL(Uniroyal Elec),0402,,62.5mW Thick Film Resistors 50V ±100ppm/℃ ±1% 1kΩ 0402 Chip Resistor - Surface Mount ROHS,yes,200,100,0.0005,0.10,https://www.lcsc.com/product-detail/chip-resistor-surface-mount_uni-royal-uniroyal-elec-0402wgf1001tce_C11702.html
C17604,0805W8F2001T5E,UNI-ROYAL(Uniroyal Elec),0805,,125mW Thick Film Resistors 150V ±100ppm/℃ ±1% 2kΩ 0805 Chip Resistor - Surface Mount ROHS,yes,200,100,0.0017,0.34,https://www.lcsc.com/product-detail/chip-resistor-surface-mount_uni-royal-uniroyal-elec-0805w8f2001t5e_C17604.html
C25741,0402WGF1003TCE,UNI-ROYAL(Uniroyal Elec),0402,,62.5mW Thick Film Resistors 50V ±100ppm/℃ ±1% 100kΩ 0402 Chip Resistor - Surface Mount ROHS,yes,100,100,0.0005,0.05,https://www.lcsc.com/product-detail/chip-resistor-surface-mount_uni-royal-uniroyal-elec-0402wgf1003tce_C25741.html
C107032,CC0402KRX7R9BB822,YAGEO,0402,,50V 8.2nF X7R ±10% 0402 Multilayer Ceramic Capacitors MLCC - SMD/SMT ROHS,yes,100,100,0.0012,0.12,https://www.lcsc.com/product-detail/multilayer-ceramic-capacitors-mlcc-smd-smt_yageo-cc0402krx7r9bb822_C107032.html
C25896,0402WGF4752TCE,UNI-ROYAL(Uniroyal Elec),0402,,62.5mW Thick Film Resistors 50V ±100ppm/℃ ±1% 47.5kΩ 0402 Chip Resistor - Surface Mount ROHS,yes,200,100,0.0005,0.10,https://www.lcsc.com/product-detail/chip-resistor-surface-mount_uni-royal-uniroyal-elec-0402wgf4752tce_C25896.html
C25168,0402WGJ0470TCE,UNI-ROYAL(Uniroyal Elec),0402,,62.5mW Thick Film Resistors 50V ±100ppm/℃ ±5% 47Ω 0402 Chip Resistor - Surface Mount ROHS,yes,100,100,0.0005,0.05,https://www.lcsc.com/product-detail/chip-resistor-surface-mount_uni-royal-uniroyal-elec-0402wgj0470tce_C25168.html
C21376,0402WGJ0000TCE,UNI-ROYAL(Uniroyal Elec),0402,,62.5mW Thick Film Resistors 50V ±5% 0Ω 0402 Chip Resistor - Surface Mount ROHS,yes,200,100,0.0004,0.08,https://www.lcsc.com/product-detail/chip-resistor-surface-mount_uni-royal-uniroyal-elec-0402wgj0000tce_C21376.html
C159801,CL10A226MQ8NRNE,Samsung Electro-Mechanics,0603,,6.3V 22uF X5R ±20% 0603 Multilayer Ceramic Capacitors MLCC - SMD/SMT ROHS,yes,50,50,0.0098,0.49,https://www.lcsc.com/product-detail/multilayer-ceramic-capacitors-mlcc-smd-smt_samsung-electro-mechanics-cl10a226mq8nrne_C159801.html
C22787,0603WAF1200T5E,UNI-ROYAL(Uniroyal Elec),0603,,100mW Thick Film Resistors 75V ±100ppm/℃ ±1% 120Ω 0603 Chip Resistor - Surface Mount ROHS,yes,100,100,0.0011,0.11,https://www.lcsc.com/product-detail/chip-resistor-surface-mount_uni-royal-uniroyal-elec-0603waf1200t5e_C22787.html
C26010,0805W8F3301T5E,UNI-ROYAL(Uniroyal Elec),0805,,125mW Thick Film Resistors 150V ±100ppm/℃ ±1% 3.3kΩ 0805 Chip Resistor - Surface Mount ROHS,yes,100,100,0.0018,0.18,https://www.lcsc.com/product-detail/chip-resistor-surface-mount_uni-royal-uniroyal-elec-0805w8f3301t5e_C26010.html
C114877,RC0402FR-07470RL,YAGEO,0402,,62.5mW Thick Film Resistors 50V ±100ppm/℃ ±1% 470Ω 0402 Chip Resistor - Surface Mount ROHS,yes,100,100,0.0006,0.06,https://www.lcsc.com/product-detail/chip-resistor-surface-mount_yageo-rc0402fr-07470rl_C114877.html
C49678,CC0805KRX7R9BB104,YAGEO,0805,,50V 100nF X7R ±10% 0805 Multilayer Ceramic Capacitors MLCC - SMD/SMT ROHS,yes,100,100,0.0046,0.46,https://www.lcsc.com/product-detail/multilayer-ceramic-capacitors-mlcc-smd-smt_yageo-cc0805krx7r9bb104_C49678.html
C5440143,CS3225X7R476K160NRL,Samwha Capacitor,1210,,16V 47uF X7R ±10% 1210 Multilayer Ceramic Capacitors MLCC - SMD/SMT ROHS,yes,20,5,0.0801,1.60,https://www.lcsc.com/product-detail/multilayer-ceramic-capacitors-mlcc-smd-smt_samwha-capacitor-cs3225x7r476k160nrl_C5440143.html
C400525,ERJ2GEJ4R7X,PANASONIC,0402,,100mW Thick Film Resistors ±5% -100ppm/℃~+600ppm/℃ 4.7Ω 0402 Chip Resistor - Surface Mount ROHS,yes,100,100,0.0042,0.42,https://www.lcsc.com/product-detail/chip-resistor-surface-mount_panasonic-erj2gej4r7x_C400525.html
C43473,0402WGF2212TCE,UNI-ROYAL(Uniroyal Elec),0402,,62.5mW Thick Film Resistors 50V ±100ppm/℃ ±1% 22.1kΩ 0402 Chip Resistor - Surface Mount ROHS,yes,200,100,0.0004,0.08,https://www.lcsc.com/product-detail/chip-resistor-surface-mount_uni-royal-uniroyal-elec-0402wgf2212tce_C43473.html
C25199,0603WAF910JT5E,UNI-ROYAL(Uniroyal Elec),0603,,100mW Thick Film Resistors 75V ±1% ±200ppm/℃ 91Ω 0603 Chip Resistor - Surface Mount ROHS,yes,100,100,0.0010,0.10,https://www.lcsc.com/product-detail/chip-resistor-surface-mount_uni-royal-uniroyal-elec-0603waf910jt5e_C25199.html
C25744,0402WGF1002TCE,UNI-ROYAL(Uniroyal Elec),0402,,62.5mW Thick Film Resistors 50V ±100ppm/℃ ±1% 10kΩ 0402 Chip Resistor - Surface Mount ROHS,yes,200,100,0.0005,0.10,https://www.lcsc.com/product-detail/chip-resistor-surface-mount_uni-royal-uniroyal-elec-0402wgf1002tce_C25744.html
C98192,CL21A475KBQNNNE,Samsung Electro-Mechanics,0805,,50V 4.7uF X5R ±10% 0805 Multilayer Ceramic Capacitors MLCC - SMD/SMT ROHS,yes,20,20,0.0191,0.38,https://www.lcsc.com/product-detail/multilayer-ceramic-capacitors-mlcc-smd-smt_samsung-electro-mechanics-cl21a475kbqnnne_C98192.html
C60488,RC0402FR-072KL,YAGEO,0402,,62.5mW Thick Film Resistors 50V ±100ppm/℃ ±1% 2kΩ 0402 Chip Resistor - Surface Mount ROHS,yes,300,100,0.0006,0.18,https://www.lcsc.com/product-detail/chip-resistor-surface-mount_yageo-rc0402fr-072kl_C60488.html
C17630,0805W8F3300T5E,UNI-ROYAL(Uniroyal Elec),0805,,125mW Thick Film Resistors 150V ±100ppm/℃ ±1% 330Ω 0805 Chip Resistor - Surface Mount ROHS,yes,100,100,0.0018,0.18,https://www.lcsc.com/product-detail/chip-resistor-surface-mount_uni-royal-uniroyal-elec-0805w8f3300t5e_C17630.html
C96446,CL10A106MA8NRNC,Samsung Electro-Mechanics,0603,,25V 10uF X5R ±20% 0603 Multilayer Ceramic Capacitors MLCC - SMD/SMT ROHS,yes,40,20,0.0152,0.61,https://www.lcsc.com/product-detail/multilayer-ceramic-capacitors-mlcc-smd-smt_samsung-electro-mechanics-cl10a106ma8nrnc_C96446.html
C25890,0402WGF3301TCE,UNI-ROYAL(Uniroyal Elec),0402,,62.5mW Thick Film Resistors 50V ±100ppm/℃ ±1% 3.3kΩ 0402 Chip Resistor - Surface Mount ROHS,yes,200,100,0.0005,0.10,https://www.lcsc.com/product-detail/chip-resistor-surface-mount_uni-royal-uniroyal-elec-0402wgf3301tce_C25890.html
C352271,AECR0805F12R0K9,RESI,0805,,125mW Thick Film Resistors 150V ±100ppm/℃ ±1% 12Ω 0805 Chip Resistor - Surface Mount ROHS,yes,100,100,0.0010,0.10,https://www.lcsc.com/product-detail/chip-resistor-surface-mount_resi-aecr0805f12r0k9_C352271.html
C368809,CL05A475KP5NRNC,Samsung Electro-Mechanics,0402,,10V 4.7uF X5R ±10% 0402 Multilayer Ceramic Capacitors MLCC - SMD/SMT ROHS,yes,100,50,0.0056,0.56,https://www.lcsc.com/product-detail/multilayer-ceramic-capacitors-mlcc-smd-smt_samsung-electro-mechanics-cl05a475kp5nrnc_C368809.html
C478888,C0603B104K500NT,TORCH,0603,,50V 100nF X7R ±10% 0603 Multilayer Ceramic Capacitors MLCC - SMD/SMT ROHS,yes,25,25,0.0043,0.11,https://www.lcsc.com/product-detail/multilayer-ceramic-capacitors-mlcc-smd-smt_torch-c0603b104k500nt_C478888.html
C1729,CL21B223KBANNNC,Samsung Electro-Mechanics,0805,,50V 22nF X7R ±10% 0805 Multilayer Ceramic Capacitors MLCC - SMD/SMT ROHS,yes,100,100,0.0068,0.68,https://www.lcsc.com/product-detail/multilayer-ceramic-capacitors-mlcc-smd-smt_samsung-electro-mechanics-cl21b223kbannnc_C1729.html
C25138,0402WGJ0101TCE,UNI-ROYAL(Uniroyal Elec),0402,,62.5mW Thick Film Resistors 50V ±100ppm/℃ ±5% 100Ω 0402 Chip Resistor - Surface Mount ROHS,yes,100,100,0.0005,0.05,https://www.lcsc.com/product-detail/chip-resistor-surface-mount_uni-royal-uniroyal-elec-0402wgj0101tce_C25138.html
C14860,CL31B106KAHNNNE,Samsung Electro-Mechanics,1206,,25V 10uF X7R ±10% 1206 Multilayer Ceramic Capacitors MLCC - SMD/SMT ROHS,yes,20,20,0.0217,0.43,https://www.lcsc.com/product-detail/multilayer-ceramic-capacitors-mlcc-smd-smt_samsung-electro-mechanics-cl31b106kahnnne_C14860.html
C602030,FHD4020S-3R3MT,cjiang (Changjiang Microelectronics Tech),"SMD,4x4mm",,"4A 3.3uH ±20% 5.9A SMD,4x4mm Power Inductors ROHS",yes,20,10,0.1102,2.20,https://www.lcsc.com/product-detail/power-inductors_cjiang-changjiang-microelectronics-tech-fhd4020s-3r3mt_C602030.html
C23255,0603WAF820JT5E,UNI-ROYAL(Uniroyal Elec),0603,,100mW Thick Film Resistors 75V ±100ppm/℃ ±1% 82Ω 0603 Chip Resistor - Surface Mount ROHS,yes,100,100,0.0010,0.10,https://www.lcsc.com/product-detail/chip-resistor-surface-mount_uni-royal-uniroyal-elec-0603waf820jt5e_C23255.html
C1525,CL05B104KO5NNNC,Samsung Electro-Mechanics,0402,,16V 100nF X7R ±10% 0402 Multilayer Ceramic Capacitors MLCC - SMD/SMT ROHS,yes,200,100,0.0011,0.22,https://www.lcsc.com/product-detail/multilayer-ceramic-capacitors-mlcc-smd-smt_samsung-electro-mechanics-cl05b104ko5nnnc_C1525.html
C4109,0402WGF2001TCE,UNI-ROYAL(Uniroyal Elec),0402,,62.5mW Thick Film Resistors 50V ±100ppm/℃ ±1% 2kΩ 0402 Chip Resistor - Surface Mount ROHS,yes,100,100,0.0005,0.05,https://www.lcsc.com/product-detail/chip-resistor-surface-mount_uni-royal-uniroyal-elec-0402wgf2001tce_C4109.html
C22797,0603WAF1302T5E,UNI-ROYAL(Uniroyal Elec),0603,,100mW Thick Film Resistors 75V ±100ppm/℃ ±1% 13kΩ 0603 Chip Resistor - Surface Mount ROHS,yes,100,100,0.0010,0.10,https://www.lcsc.com/product-detail/chip-resistor-surface-mount_uni-royal-uniroyal-elec-0603waf1302t5e_C22797.html
C4747971,RST10UF50V016,KNSCHA,"SMD,D5xL5.4mm",,"10uF 50V 24mA@120Hz ±20% SMD,D5xL5.4mm Aluminum Electrolytic Capacitors - SMD ROHS",yes,20,20,0.0246,0.49,https://www.lcsc.com/product-detail/aluminum-electrolytic-capacitors-smd_knscha-rst10uf50v016_C4747971.html
C23265,0603WAF9102T5E,UNI-ROYAL(Uniroyal Elec),0603,,100mW Thick Film Resistors 75V ±100ppm/℃ ±1% 91kΩ 0603 Chip Resistor - Surface Mount ROHS,yes,100,100,0.0009,0.09,https://www.lcsc.com/product-detail/chip-resistor-surface-mount_uni-royal-uniroyal-elec-0603waf9102t5e_C23265.html
C159019,RTT024R75FTH,RALEC,0402,,62.5mW Thick Film Resistors 50V ±1% ±200ppm/℃ 4.75Ω 0402 Chip Resistor - Surface Mount ROHS,yes,50,50,0.0003,0.02,https://www.lcsc.com/product-detail/chip-resistor-surface-mount_ralec-rtt024r75fth_C159019.html
C69335,CL10A475KA8NQNC,Samsung Electro-Mechanics,0603,,25V 4.7uF X5R ±10% 0603 Multilayer Ceramic Capacitors MLCC - SMD/SMT ROHS,yes,50,50,0.0143,0.72,https://www.lcsc.com/product-detail/multilayer-ceramic-capacitors-mlcc-smd-smt_samsung-electro-mechanics-cl10a475ka8nqnc_C69335.html
C167206,FXL0420-2R2-M,cjiang (Changjiang Microelectronics Tech),"SMD,4.2x4.4mm",,"4.5A 2.2uH Integrated molded inductor ±20% 5A SMD,4.2x4.4mm Power Inductors ROHS",yes,5,5,0.1827,0.91,https://www.lcsc.com/product-detail/power-inductors_cjiang-changjiang-microelectronics-tech-fxl0420-2r2-m_C167206.html
C25104,0402WGF3300TCE,UNI-ROYAL(Uniroyal Elec),0402,,62.5mW Thick Film Resistors 50V ±100ppm/℃ ±1% 330Ω 0402 Chip Resistor - Surface Mount ROHS,yes,200,100,0.0006,0.12,https://www.lcsc.com/product-detail/chip-resistor-surface-mount_uni-royal-uniroyal-elec-0402wgf3300tce_C25104.html
C22935,0603WAF1004T5E,UNI-ROYAL(Uniroyal Elec),0603,,100mW Thick Film Resistors 75V ±100ppm/℃ ±1% 1MΩ 0603 Chip Resistor - Surface Mount ROHS,yes,100,100,0.0010,0.10,https://www.lcsc.com/product-detail/chip-resistor-surface-mount_uni-royal-uniroyal-elec-0603waf1004t5e_C22935.html
C285123,0603B473K500NT,FH (Guangdong Fenghua Advanced Tech),0603,,50V 47nF X7R ±10% 0603 Multilayer Ceramic Capacitors MLCC - SMD/SMT ROHS,yes,100,100,0.0030,0.30,https://www.lcsc.com/product-detail/multilayer-ceramic-capacitors-mlcc-smd-smt_fh-guangdong-fenghua-advanced-tech-0603b473k500nt_C285123.html
C25079,0402WGF1200TCE,UNI-ROYAL(Uniroyal Elec),0402,,62.5mW Thick Film Resistors 50V ±100ppm/℃ ±1% 120Ω 0402 Chip Resistor - Surface Mount ROHS,yes,100,100,0.0006,0.06,https://www.lcsc.com/product-detail/chip-resistor-surface-mount_uni-royal-uniroyal-elec-0402wgf1200tce_C25079.html
C11366,TAJA226K010RNJ,Kyocera AVX,CASE-A-3216-18(mm),,22uF 10V 3Ω@100kHz ±10% CASE-A-3216-18(mm) Tantalum Capacitors ROHS,yes,5,5,0.0929,0.46,https://www.lcsc.com/product-detail/tantalum-capacitors_kyocera-avx-taja226k010rnj_C11366.html
C413044,ERJ2RKF10R0X,PANASONIC,0402,,100mW Thick Film Resistors ±100ppm/℃ ±1% 10Ω 0402 Chip Resistor - Surface Mount ROHS,yes,100,100,0.0047,0.47,https://www.lcsc.com/product-detail/chip-resistor-surface-mount_panasonic-erj2rkf10r0x_C413044.html
C23025,0603WAF3000T5E,UNI-ROYAL(Uniroyal Elec),0603,,100mW Thick Film Resistors 75V ±100ppm/℃ ±1% 300Ω 0603 Chip Resistor - Surface Mount ROHS,yes,100,100,0.0011,0.11,https://www.lcsc.com/product-detail/chip-resistor-surface-mount_uni-royal-uniroyal-elec-0603waf3000t5e_C23025.html
C23186,0603WAF5101T5E,UNI-ROYAL(Uniroyal Elec),0603,,100mW Thick Film Resistors 75V ±100ppm/℃ ±1% 5.1kΩ 0603 Chip Resistor - Surface Mount ROHS,yes,100,100,0.0010,0.10,https://www.lcsc.com/product-detail/chip-resistor-surface-mount_uni-royal-uniroyal-elec-0603waf5101t5e_C23186.html
C159807,CL05C271JB5NNNC,Samsung Electro-Mechanics,0402,,50V 270pF C0G ±5% 0402 Multilayer Ceramic Capacitors MLCC - SMD/SMT ROHS,yes,100,100,0.0056,0.56,https://www.lcsc.com/product-detail/multilayer-ceramic-capacitors-mlcc-smd-smt_samsung-electro-mechanics-cl05c271jb5nnnc_C159807.html
C383221,LESDA6V1W5T1G,LRC,SC-88A,,150V 6.1V 5V SC-88A ESD and Surge Protection (TVS/ESD) ROHS,yes,60,20,0.0383,2.30,https://www.lcsc.com/product-detail/esd-and-surge-protection-tvs-esd_lrc-lesda6v1w5t1g_C383221.html
C17415,0805W8F100JT5E,UNI-ROYAL(Uniroyal Elec),0805,,125mW Thick Film Resistors 150V ±1% ±200ppm/℃ 10Ω 0805 Chip Resistor - Surface Mount ROHS,yes,100,100,0.0014,0.14,https://www.lcsc.com/product-detail/chip-resistor-surface-mount_uni-royal-uniroyal-elec-0805w8f100jt5e_C17415.html
C45783,CL21A226MAQNNNE,Samsung Electro-Mechanics,0805,,25V 22uF X5R ±20% 0805 Multilayer Ceramic Capacitors MLCC - SMD/SMT ROHS,yes,40,20,0.0212,0.85,https://www.lcsc.com/product-detail/multilayer-ceramic-capacitors-mlcc-smd-smt_samsung-electro-mechanics-cl21a226maqnnne_C45783.html
C129558,V275LA4P,Littelfuse,Plugin,,710V 369V 275V 430V Plugin Varistors ROHS,yes,20,10,0.0820,1.64,https://www.lcsc.com/product-detail/varistors_littelfuse-v275la4p_C129558.html
C78465,VEML6040A3OG,Vishay Intertech,OPLGA-4(1.3x2),,"I2C Red,Green,Blue,White OPLGA-4(1.3x2) Ambient Light Sensors ROHS",yes,8,1,1.0177,8.14,https://www.lcsc.com/product-detail/ambient-light-sensors_vishay-intertech-veml6040a3og_C78465.html
C62728,0805W8F3742T5E,UNI-ROYAL(Uniroyal Elec),0805,,125mW Thick Film Resistors 150V ±100ppm/℃ ±1% 37.4kΩ 0805 Chip Resistor - Surface Mount ROHS,yes,100,100,0.0018,0.18,https://www.lcsc.com/product-detail/chip-resistor-surface-mount_uni-royal-uniroyal-elec-0805w8f3742t5e_C62728.html
C307331,CL05B104KB54PNC,Samsung Electro-Mechanics,0402,,50V 100nF X7R ±10% 0402 Multilayer Ceramic Capacitors MLCC - SMD/SMT ROHS,yes,250,50,0.0062,1.55,https://www.lcsc.com/product-detail/multilayer-ceramic-capacitors-mlcc-smd-smt_samsung-electro-mechanics-cl05b104kb54pnc_C307331.html
C479619,LTW-3030AZL40-LD,Lite-On,SMD3030,,150mA 4000K Orange Lens -40℃~+100℃ White 120° 1.32W SMD3030 LED Indication - Discrete ROHS,yes,50,5,0.0830,4.15,https://www.lcsc.com/product-detail/led-indication-discrete_lite-on-ltw-3030azl40-ld_C479619.html
C479625,LTW-206DCG-E2HH,Lite-On,"SMD,1x3.8mm",,"20mA Side Adhesive -30℃~+85℃ White 120° 120mW SMD,1x3.8mm LED Indication - Discrete ROHS",yes,50,10,0.0677,3.39,https://www.lcsc.com/product-detail/led-indication-discrete_lite-on-ltw-206dcg-e2hh_C479625.html
C2922474,S8050,WEIDA,TO-92-3,,25V 625mW 500mA NPN TO-92-3 Bipolar (BJT) ROHS,yes,50,50,0.0138,0.69,https://www.lcsc.com/product-detail/bipolar-bjt_weida-s8050_C2922474.html
C672118,BCR321UE6327HTSA1,Infineon Technologies,SC-74-6,,16V 10kHz 1 250mA 25V SC-74-6 LED Drivers ROHS,yes,18,1,0.2351,4.23,https://www.lcsc.com/product-detail/led-drivers_infineon-technologies-bcr321ue6327htsa1_C672118.html
